"","baseMean","log2FoldChange","lfcSE","stat","pvalue","padj"
"YDL182W",5825.71780832397,-0.581606187584533,0.140299357987854,-4.14546578064087,3.39123644959646e-05,0.00205117363399819
"YDR253C",296.720512271413,0.635191329600985,0.1871014117821,3.39490399110797,0.000686526706648415,0.0300585984172108
"YDR277C",337.48317605088,-0.680878379542191,0.186598800989181,-3.64888936012867,0.000263376495515455,0.012736035853434
"YDL204W",762.711036163125,-0.659849267493637,0.158969180410066,-4.15079995878154,3.3131524631575e-05,0.00202481932305678
"YDL110C",600.466048160956,-0.591919547966783,0.178646086808747,-3.31336419700294,0.000921808605294383,0.0375572992170982
"YDR133C",2403.40015857887,-0.514729558732971,0.139017655716321,-3.702620045495,0.000213384336498141,0.0107002213866205
"YDR502C",2888.6022595996,0.93342255770999,0.175891864968591,5.30679777530742,1.11567834855671e-07,1.25878555211197e-05
"YDR453C",799.117055693221,1.11376784396103,0.167937637284757,6.63203235420371,3.31095979679655e-11,7.19459301029829e-09
"YDR074W",2734.55017324386,-0.525277436431262,0.157235717712711,-3.34070047233803,0.000835673253282296,0.0350300873569012
"YDR345C",4964.35969379544,-0.453428691442998,0.135566501816591,-3.34469566867222,0.000823729024433815,0.0350300873569012
"YDL198C",1088.35296011485,0.632974125524749,0.151592067870965,4.17550953961216,2.97319793331216e-05,0.00187447168153083
"YDL183C",288.628508871385,-0.655470625827293,0.179705622648465,-3.64746865549947,0.000264836607144869,0.012736035853434
"YDL059C",107.709748261696,1.37511880473605,0.278373838214705,4.93982772790397,7.8191621136432e-07,7.52049575749913e-05
"YOR237W",87.5844717897004,2.99559704288199,0.325911319520778,9.19144829730595,3.87587223059779e-20,2.52663804187969e-17
"YOR120W",258.021494132533,-0.642164295618026,0.190549339171475,-3.37006834245771,0.000751495430261609,0.0326594347358879
"YOR303W",1603.05448713124,0.745816130373252,0.16586334975821,4.49656980556872,6.90585139070699e-06,0.000494105245235097
"YOR009W",219.068418042129,0.930563740170985,0.200666670479012,4.63736074331445,3.52886206774445e-06,0.000283614160978859
"YOL101C",471.832108250647,0.753906032266615,0.225769773721941,3.3392691140096,0.000839991456774145,0.0350300873569012
"YOR273C",687.699397017149,-0.575404345625942,0.164060315221013,-3.50727319309845,0.000452724101197052,0.0207510336072118
"YOL147C",383.183370801674,-0.675292139293148,0.16669768703651,-4.05099885486262,5.09994571291883e-05,0.00290498849492182
"YOR178C",246.987467109059,-0.73784494948352,0.193016829767087,-3.82269748380945,0.000131999685027007,0.00691466207190581
"YOR382W",274.983504523046,-0.908504144905479,0.213936251613042,-4.24661149316918,2.17027805880812e-05,0.0013992331176953
"YOL064C",618.590756119822,0.625446326724677,0.175438080471908,3.56505454826169,0.000363780521683489,0.0172120993606212
"YOR100C",14.3083853914314,-1.98146741755735,0.565306633627958,-3.50511969909308,0.000456402034496835,0.0207574475689375
"YOR010C",194.04722416725,1.11862751996434,0.261150301925801,4.28346248009381,1.84007139852337e-05,0.00122678396535644
"YOR302W",657.491588676942,0.789308775144204,0.185140618774876,4.26329338406271,2.01435759036375e-05,0.00132255613677427
"YOR011W",204.247269523705,0.747859370316091,0.232141029100061,3.22157342549618,0.00127488790992061,0.0492089958388436
"YOL052C-A",458.829418384655,-0.834573726989885,0.227412103245912,-3.66987383291301,0.000242670212143739,0.0119642532323304
"YOL058W",12620.0877403898,0.597490100806067,0.131145465831005,4.55593410736746,5.21532849634739e-06,0.000382479153600876
"YOR374W",1343.19521857521,-0.546806435384763,0.162415794059168,-3.36670727469745,0.000760713902204846,0.0328169740017341
"YOR028C",212.379077585555,-1.59399999608102,0.230021520520187,-6.92978636292917,4.21476629966239e-12,1.03033474500497e-09
"YOL140W",462.662141071078,0.980748431453948,0.165809178194842,5.91492245562831,3.32031973456434e-09,5.26495023856458e-07
"YGR161C",519.06305111417,-0.736406504771033,0.207004237808246,-3.55744651688333,0.000374477313573992,0.0175764671899089
"YGL125W",1100.77414690685,0.609079943452247,0.187879057592979,3.24187246442207,0.00118747150144111,0.0470736168848309
"YGR177C",212.787217412186,1.10874706314574,0.238429876266256,4.65020189796848,3.31610239402687e-06,0.000274022151348671
"YGL158W",52.1879102354868,-1.74735092927388,0.321686440577293,-5.43184514130627,5.5774315037208e-08,6.96229587921913e-06
"YGL184C",931.551866067153,0.964201514098288,0.168965920140218,5.70648514977537,1.15332964218006e-08,1.7350217976078e-06
"YGR175C",811.852497469053,0.708174560425412,0.160758558726098,4.40520595629379,1.05683419144206e-05,0.000729464258963598
"YGR176W",30.8416750391033,2.31666463348996,0.431420112972129,5.36985774151801,7.87987763618283e-08,9.24624841829693e-06
"YGR052W",643.466914939698,-0.867906643119548,0.189936994230192,-4.569444971145,4.89017541013928e-06,0.00036317290039604
"YGR243W",159.997585827648,-1.17759142884257,0.234129010622428,-5.02966900903039,4.91327253078489e-07,4.97002929967499e-05
"YGR049W",561.295792473573,0.682631446050878,0.167205402239106,4.08259205091177,4.45361624205553e-05,0.00258706598932077
"YGR055W",3533.02130218194,0.860515332825529,0.151006522486672,5.69853088896527,1.20844240731527e-08,1.77248290092967e-06
"YGR060W",1919.27438839505,1.06338099524708,0.149385434286367,7.11837134809686,1.09209806050668e-12,3.05111396237748e-10
"YGR155W",4173.94012763573,0.499387077692161,0.154501094414193,3.2322559240479,0.00122817006188609,0.0480378250205714
"YGR088W",724.616817599222,-0.999896986923554,0.182190660957848,-5.48819012822447,4.06072857424265e-08,5.54053361513526e-06
"YGR065C",337.253686922734,0.8534229335297,0.184208724629455,4.63291266603361,3.60556668366535e-06,0.000285862969365738
"YGR249W",208.297012517872,-0.781375906086429,0.205960749649105,-3.79380977889067,0.000148353342550009,0.00770255805965403
"YLR180W",4253.96432558201,0.889678755230533,0.144972000168568,6.13690060284779,8.41469974058859e-10,1.37136231605648e-07
"YLR056W",2188.75601058631,1.33594577244629,0.154633060622937,8.6394576105811,5.64805156299105e-18,2.54900911692835e-15
"YLL062C",231.298543915832,1.44629433479713,0.216699848773452,6.67418248320587,2.48614111502467e-11,5.61007304686528e-09
"YLL055W",193.360542768051,0.670064613435211,0.192249626091186,3.48538838310869,0.000491423195715533,0.0220090067882674
"YLR058C",5246.18925751174,0.610106257132671,0.137411099031538,4.44000711320009,8.99559044326874e-06,0.000628299156317354
"YLL061W",485.615681142533,1.15595413618853,0.176629556820365,6.54451133206519,5.96902385591783e-11,1.16734209875566e-08
"YLR303W",7670.43056405192,1.47334947111848,0.163591535790975,9.0062695725347,2.13184725611731e-19,1.25075478516403e-16
"YLR092W",907.656631581839,1.70120067969163,0.145589180772645,11.6849388853164,1.52188991957103e-31,2.97630938604108e-28
"YLR438W",196.61739753973,-0.938448132680391,0.209544197470123,-4.47852120941787,7.51619037426154e-06,0.000531295047298704
"YLR364W",104.937334625829,1.4329639999559,0.258609002354156,5.54104453793725,3.00672726212592e-08,4.20011163021256e-06
"YLL012W",134.895804484069,1.13314588181443,0.232782930656131,4.86782204614616,1.12834862842596e-06,0.000104324056565418
"YPL111W",489.018660504403,-1.32336158142685,0.243069272243728,-5.44438039909833,5.19860190258829e-08,6.63047768749684e-06
"YPL250C",616.96634064795,0.571360620494642,0.176882848994691,3.23016405345095,0.00123719205558089,0.0480702370204839
"YPR167C",911.983433960542,1.55566513650412,0.179791928547012,8.65258607033266,5.0345361019904e-18,2.46146860919814e-15
"YPL026C",164.546706871955,-0.784808249668816,0.208129187015432,-3.77077458920081,0.000162741623179701,0.00837548336136235
"YPR035W",8415.25352577896,-0.595996451681262,0.128366294074414,-4.64293571750045,3.43493245699177e-06,0.000279899287849593
"YPL272C",176.70256417964,1.71470331138359,0.238377950420826,7.19321274621455,6.32842159128607e-13,1.85644247380377e-10
"YPL265W",1341.00203556718,-0.696474852474544,0.16689146957349,-4.17322020265304,3.00324421448607e-05,0.00187447168153083
"YPR145C-A",19.0369948110266,2.60858860360581,0.565693799510309,4.6113084602729,4.00142254991192e-06,0.000301163574471878
"YPL274W",1157.79399977274,1.16830615144019,0.155583853959732,7.50917348880282,5.95018280806932e-14,2.05351309029075e-11
"YMR202W",810.521081217056,0.63302344795007,0.152074200033765,4.16259594204355,3.14649865888217e-05,0.0019432113296486
"YMR195W",1327.77940861006,-0.708973404382576,0.172371232427051,-4.11306106245206,3.90447054938758e-05,0.00229075287132569
"YML100W",1969.98819137677,-0.689742727805807,0.136328351053431,-5.0594225080554,4.20528133765339e-07,4.40578314428794e-05
"YMR011W",448.971114031579,-1.11728937918745,0.216971589132911,-5.14947318057862,2.61219120615661e-07,2.83809737157793e-05
"YML008C",1892.16602661122,0.71096363217274,0.13272518119357,5.35665972183417,8.47745608749343e-08,9.75239899320077e-06
"YMR189W",2290.0029666835,0.772624167727388,0.161945113987279,4.77090137951356,1.83403326403157e-06,0.00015441491051313
"YMR317W",147.632039198997,1.12838820228793,0.232877055293353,4.84542455617413,1.26341215168021e-06,0.000114037524521659
"YML018C",550.612204997906,1.04845963214174,0.160602412276808,6.52829317616139,6.65233891435287e-11,1.25900878743575e-08
"YMR185W",101.991704068577,0.859141985807817,0.258431364315173,3.32444936815038,0.000885933185692924,0.0363480419612614
"YMR145C",1022.7173966069,-0.763086568336013,0.159070932824864,-4.79714649801021,1.60941895483036e-06,0.000138859720705731
"YMR015C",670.257133971595,1.14245514648048,0.163920048078549,6.96958767321145,3.17871230699469e-12,8.1084804804947e-10
"YMR081C",266.300693211928,-1.3373497704889,0.209542116258202,-6.38224808630352,1.74506949639436e-10,3.01127139274874e-08
"YBL086C",395.046954422226,-0.558982684423182,0.17281250825784,-3.2346193574667,0.00121804997713065,0.0479617397035269
"YBR169C",774.243124504126,-0.613396276629204,0.173150596946924,-3.54255941039133,0.000396264152022924,0.0184514426977659
"YBR147W",567.817049821477,-0.655663753940547,0.159381966789883,-4.1137888253376,3.89217518775011e-05,0.00229075287132569
"YBR230C",606.340704816517,-0.702009681635403,0.162590036630187,-4.31766728260313,1.57686890425269e-05,0.0010633896392242
"YBR105C",490.72639045602,-0.579172212713384,0.173914433649342,-3.33021360309374,0.000867793848614796,0.0358545528860775
"YBR054W",2621.24945603449,-0.720604163135401,0.148085515737979,-4.86613535121444,1.13801595707973e-06,0.000104324056565418
"YBL043W",50.2679676354646,-1.43457820349309,0.370038867248346,-3.87683113982266,0.00010582574896434,0.0057488858256832
"YBR203W",147.635353902085,-0.741860632765382,0.227696507488503,-3.25811160192187,0.00112156288984098,0.0447633297598439
"YBR066C",421.682097529161,0.661052827725374,0.155114937432181,4.26169676930307,2.02880607311547e-05,0.00132255613677427
"YBR208C",723.103565539681,-0.972328967172422,0.202333849780744,-4.80556747289725,1.54313184096383e-06,0.000135127679267683
"YBR213W",262.260700302152,1.68113022661408,0.239774827375607,7.01128740249532,2.36135098612101e-12,6.2972937434418e-10
"YNL191W",802.763915760115,1.0070595543747,0.172389339323716,5.84177396540531,5.1647853799939e-09,7.97415679590111e-07
"YNL180C",710.027273277319,-0.597046359614354,0.180662682840754,-3.30475751951842,0.000950586026902004,0.0384626773781659
"YNL277W",350.997677088157,0.848169267300614,0.193633919515123,4.38027216215272,1.18531169905492e-05,0.000808630667250604
"YNL036W",1124.79036673953,-0.761452136232392,0.208940126643863,-3.64435567482105,0.000268062506613934,0.0127863636284874
"YNR043W",651.641333495803,0.611510149093437,0.163823230996036,3.7327437957089,0.000189405224989079,0.0095796590949218
"YNR014W",503.850634088796,-0.796166977696726,0.172480957547628,-4.61597030197885,3.91262900180137e-06,0.000301163574471878
"YNL279W",198.0130723219,0.998779698662288,0.193158500992389,5.17077785099213,2.33121568713586e-07,2.58061178045775e-05
"YNR044W",1189.99185885046,0.809323012690275,0.210055204178154,3.85290626745845,0.000116724082063688,0.00628275403181339
"YNL111C",259.11083655823,0.966132390211827,0.194659147533978,4.96320056083255,6.93409123245426e-07,6.78038554346819e-05
"YNR050C",5000.01504909442,-0.949161820833595,0.130374345873068,-7.2802805987437,3.33126549436995e-13,1.02865971870887e-10
"YNL241C",1627.45005414402,0.517837524924521,0.151357054490977,3.42129758448353,0.000623230979444044,0.0277007284575622
"YNR034W-A",735.986126395092,-0.652254910344953,0.165882984195211,-3.93201818444127,8.42356920360231e-05,0.00466236608655988
"YJR150C",190.130687427644,4.1660988221669,0.275815550961314,15.104655294622,1.50893418354126e-51,8.85291685483657e-48
"YJR115W",236.157354823886,-0.897657301697482,0.21379671294297,-4.19864875067997,2.68512444150602e-05,0.00171235055416476
"YJL060W",1170.48818376947,0.81508902022628,0.162054243262065,5.02972957584432,4.91172081906807e-07,4.97002929967499e-05
"YJR010W",1917.48005262792,1.9205062419844,0.185600162210652,10.3475461395592,4.29349083746782e-25,3.59855867763196e-22
"YJL088W",650.146405837417,1.29322640289998,0.173499703223411,7.45376723345013,9.07119818688957e-14,2.95670665347117e-11
"YJR137C",1028.56841784163,1.87451527242655,0.177405595548682,10.5662691564436,4.27151129839645e-26,4.176826131282e-23
"YJL157C",776.96493572687,0.909521945010526,0.141282542301656,6.4376102680017,1.21369147855848e-10,2.15779633475836e-08
"YJL101C",807.75010761285,0.700731883385558,0.151963650664589,4.61118089964947,4.00387912200553e-06,0.000301163574471878
"YJL133C-A",573.353393606153,-0.568461424596112,0.170266899393668,-3.33864906579283,0.000841868470653327,0.0350300873569012
"YKL062W",620.618156774395,-0.679009539247549,0.147022438528508,-4.61840754406944,3.86696206428736e-06,0.000301163574471878
"YKL068W-A",174.906639054423,1.09144576515766,0.270578956803745,4.03374223202915,5.48955353414765e-05,0.00309684717161964
"YKL201C",473.846755933141,0.825764128281643,0.153262614484218,5.38790318213365,7.12844325106961e-08,8.62569927885244e-06
"YKL109W",622.902216359779,-1.16880462883917,0.17438582877126,-6.70240602160554,2.05015428588479e-11,4.81130207811443e-09
"YKR069W",780.419094855075,1.61379373014681,0.173605984157992,9.29572640006553,1.46204414695114e-20,1.07222662627029e-17
"YKR075C",125.029381336945,-1.32585126330454,0.260725641804335,-5.08523539966789,3.67170388114161e-07,3.91670666739233e-05
"YKL001C",439.079936068982,1.95427754063685,0.181348440196221,10.7763680708932,4.45115263543365e-27,5.22298250241785e-24
"YER011W",570.415137695959,2.55261800282892,0.207039629456676,12.3291275661942,6.31264828729868e-35,1.85181537507907e-31
"YER069W",1563.63019084544,1.41812223542581,0.170786535690345,8.30347796267163,1.01107136044282e-16,3.95463711447868e-14
"YEL007W",630.332306921834,-0.616600070204625,0.168512648035567,-3.65907293839737,0.000253129294189322,0.0123759130750729
"YER054C",202.037993785818,-0.761185759760814,0.230768827091341,-3.29847739556058,0.000972107065522804,0.0390640558453582
"YER053C-A",105.983026451948,-1.31191408823531,0.261035077323495,-5.02581531067371,5.01298163687934e-07,4.98494292602899e-05
"YEL039C",85.3491121157691,-1.15838994518951,0.254847092275907,-4.54543128134023,5.48228818358264e-06,0.000397093639173819
"YEL072W",169.718957031945,0.985862639769832,0.204795646638119,4.81388474781344,1.48024197482616e-06,0.000131584540398562
"YER064C",448.726792078234,-0.905457274148127,0.241780875886484,-3.74494992967616,0.000180429756118006,0.00920505547082034
"YER042W",692.35323274851,1.44985631410692,0.179231751388704,8.08928274635103,6.00171020117129e-16,2.200752109392e-13
"YER091C",6574.02803763796,1.25707023748532,0.143677149281145,8.74927045653938,2.14736449145498e-18,1.14532613376058e-15
"YHR007C",2285.6953362545,1.04935269877745,0.158720403576713,6.61132831778794,3.80886676537711e-11,7.70573148705776e-09
"YHR112C",459.777007726925,0.580619821449627,0.157595424590308,3.68424288305979,0.000229383437512823,0.011405022270235
"YHR176W",147.88765138469,0.975408949827211,0.246130941080029,3.96296762019066,7.40238247530223e-05,0.00413616933167602
"YHR042W",1715.18517333946,0.551199634582882,0.162185537242758,3.39857452121548,0.000677380061607667,0.0298811189582871
"YIL011W",233.447361871241,1.44947627589389,0.218925374164642,6.62086924105846,3.57092745885788e-11,7.48236835754257e-09
"YIR034C",4521.99721281783,-0.6732447211945,0.123450034124451,-5.4535806811993,4.93655322907701e-08,6.43616839888774e-06
"YIL074C",1627.44611102346,1.25322532943734,0.15049287420862,8.32747288552722,8.2586310652358e-17,3.46095631855275e-14
"YIL094C",1869.41792336422,-0.770407604649833,0.140585162801546,-5.48000649070884,4.25310233036321e-08,5.67112531187295e-06
"YIL155C",313.242797313799,-0.726554547133293,0.18563789328133,-3.91382672088514,9.08448383133263e-05,0.00498118379798398
"YIL101C",245.724551304142,-1.151012394432,0.206143606686711,-5.58354640695339,2.35662856700412e-08,3.37227800063735e-06
"YIL046W",392.640430486713,0.670616360936085,0.162985549777505,4.11457556729144,3.8789247315682e-05,0.00229075287132569
"YIL082W-A",637.80119780429,0.836810406481407,0.170971584808777,4.894441420879,9.85853355443387e-07,9.32903489739734e-05
"YCR089W",391.471999206825,0.631721651504556,0.179440387123359,3.52050985640301,0.000430717984564529,0.0198978142948039
"YCL025C",3632.44447224213,-0.455611953151638,0.130184673934217,-3.49973571683148,0.000465719642162629,0.021018285696678
"YCL027W",414.551396108487,1.2086669937491,0.187092766866726,6.46025505951328,1.04526652906584e-10,1.91643085188415e-08
"YFR017C",728.48222284148,-0.614896138675574,0.159918734985919,-3.84505379391423,0.000120525995074288,0.00638620012116595
"YFR055W",199.092287834716,-0.767281491397635,0.188802909878754,-4.06392831493101,4.82536510307549e-05,0.00277553108428862
"YFL055W",112.683370926838,0.986341624887386,0.256562456401947,3.84445034834762,0.000120822944170687,0.00638620012116595
"YFR030W",1258.29209637794,1.84020319380073,0.170425881614413,10.797674486814,3.53031713238211e-27,5.17809265392145e-24
"YFR053C",2695.58062025765,-0.593222669218225,0.177681837542234,-3.33867927878234,0.000841776919611849,0.0350300873569012
"YAL067C",54.9811981284425,2.22538679643444,0.353563927135198,6.29415680062713,3.09075281907972e-10,5.18098479701163e-08
"YAL061W",296.973421227872,-1.0513098210305,0.22040082011899,-4.76999051302496,1.84234595805678e-06,0.00015441491051313
"YAL012W",3512.88776339075,0.730950321351253,0.135712839120084,5.38600714634288,7.2040099652935e-08,8.62569927885244e-06
